title,company,job_type,apply_link
BX 디자이너,당근마켓,정규직,https://team.daangn.com/jobs/4800315003/
"BX 디자이너 - 광고,모션",당근마켓,정규직,https://team.daangn.com/jobs/4745109003/
DBA (Database Administration),당근마켓,정규직,https://team.daangn.com/jobs/4351200003/
Global HR 담당자,당근마켓,계약직,https://team.daangn.com/jobs/5023672003/
Product Manager - 검색,당근마켓,정규직,https://team.daangn.com/jobs/4792169003/
Product Manager - 내근처,당근마켓,정규직,https://team.daangn.com/jobs/4956558003/
Product Manager - 로컬커머스,당근마켓,정규직,https://team.daangn.com/jobs/4728335003/
Product Manager - 부동산,당근마켓,정규직,https://team.daangn.com/jobs/4802708003/
Product Manager - 비즈프로필,당근마켓,정규직,https://team.daangn.com/jobs/4925019003/
Product Manager - 중고차,당근마켓,정규직,https://team.daangn.com/jobs/5041258003/
SRE (Site Reliability Engineer),당근마켓,정규직,https://team.daangn.com/jobs/4473170003/
SRE (Site Reliability Engineer) - 당근페이,당근페이,정규직,https://team.daangn.com/jobs/4837172003/
iOS 개발자,당근마켓,정규직,https://team.daangn.com/jobs/4300798003/
검색 데이터 플랫폼 개발자,당근마켓,정규직,https://team.daangn.com/jobs/5043799003/
검색 모델 개발자,당근마켓,정규직,https://team.daangn.com/jobs/5015511003/
검색 서비스 플랫폼 개발자,당근마켓,정규직,https://team.daangn.com/jobs/5043801003/
광고 세일즈 매니저,당근마켓,정규직,https://team.daangn.com/jobs/4814736003/
광고 운영기획 매니저,당근마켓,정규직,https://team.daangn.com/jobs/4961736003/
당근미니 팀 R&D 엔지니어 인턴,당근마켓,인턴,https://team.daangn.com/jobs/5041198003/
데이터 엔지니어,당근마켓,정규직,https://team.daangn.com/jobs/4300801003/
머신러닝 개발자 - 개인화 추천 시스템,당근마켓,정규직,https://team.daangn.com/jobs/4515787003/
보안 컴플라이언스 담당자,당근마켓,정규직,https://team.daangn.com/jobs/4914882003/
보안기술 담당자,당근마켓,정규직,https://team.daangn.com/jobs/4740946003/
서버 개발자 - 계정,당근마켓,정규직,https://team.daangn.com/jobs/5046759003/
서버 개발자 - 광고 (Kotlin),당근마켓,정규직,https://team.daangn.com/jobs/4672452003/
"서버 개발자 - 당근페이 (Java, Kotlin)",당근페이,정규직,https://team.daangn.com/jobs/4511184003/
서버 개발자 - 라이브 스트리밍 (Go),당근마켓,정규직,https://team.daangn.com/jobs/4708639003/
서버 개발자 - 사업 (Kotlin),당근마켓,정규직,https://team.daangn.com/jobs/4513815003/
서버 개발자 - 신사업 (Node.js),당근마켓,정규직,https://team.daangn.com/jobs/4557423003/
서버 개발자 - 지리정보,당근마켓,정규직,https://team.daangn.com/jobs/5046753003/
서버 개발자 - 채팅,당근마켓,정규직,https://team.daangn.com/jobs/5046756003/
서버 개발자 - 커뮤니티 (Kotlin),당근마켓,정규직,https://team.daangn.com/jobs/4734896003/
서버 개발자 - 프로덕트 (Rails),당근마켓,정규직,https://team.daangn.com/jobs/4300797003/
서버 개발자 - 피드,당근마켓,정규직,https://team.daangn.com/jobs/5046757003/
안드로이드 개발자,당근마켓,정규직,https://team.daangn.com/jobs/4496730003/
"웹 디자이너 - UI, BX",당근마켓,정규직,https://team.daangn.com/jobs/4297958003/
지리정보 플랫폼 GIS 경력 개발자,당근마켓,정규직,https://team.daangn.com/jobs/4551662003/
채용 담당자 - IT/Tech,당근마켓,정규직,https://team.daangn.com/jobs/4736563003/
프로덕트 데이터 분석가,당근마켓,정규직,https://team.daangn.com/jobs/4557367003/
프로덕트 디자이너 - 당근페이,당근페이,정규직,https://team.daangn.com/jobs/4415260003/
프로덕트 디자이너 - 비즈니스 부문,당근마켓,정규직,https://team.daangn.com/jobs/4298081003/
프로덕트 디자이너 - 서비스 부문,당근마켓,정규직,https://team.daangn.com/jobs/4871872003/
프론트엔드 개발자,당근마켓,정규직,https://team.daangn.com/jobs/4298115003/
프론트엔드 개발자 - 당근페이,당근페이,정규직,https://team.daangn.com/jobs/5032839003/
프론트엔드 개발자 - 커뮤니티,당근마켓,정규직,https://team.daangn.com/jobs/5015554003/
회계 실무자,당근마켓,정규직,https://team.daangn.com/jobs/5036073003/
